10629,-119.360916,-94.379311,627.570312,-56.100994,-83.562935,631.351013
40893,-119.398987,-94.610718,628.131165,-56.212311,-83.719063,631.907166
71101,-119.578842,-94.698311,627.734863,-56.726143,-83.786888,631.502563
101290,-119.810822,-94.433968,629.141663,-57.002037,-83.496246,632.768188
131517,-119.772255,-94.385010,629.235413,-57.050434,-83.363846,632.878540
161725,-119.845093,-94.321701,629.838684,-57.136429,-83.205154,633.496765
191933,-119.970352,-94.144493,631.102112,-57.237511,-82.973701,634.717651
222159,-119.988701,-93.902657,632.597229,-57.186466,-82.690338,636.110718
252367,-119.750954,-93.713264,633.441101,-56.914288,-82.503822,636.862000
282575,-119.431374,-93.410995,634.554443,-56.510769,-82.268951,637.990479
312765,-119.082565,-93.106987,635.861389,-56.050797,-82.053963,639.301575
342973,-118.698692,-92.896530,637.041443,-55.530212,-81.959717,640.436340
373181,-118.304314,-92.782120,637.903137,-55.040493,-81.946129,641.331482
403389,-118.079613,-92.628624,638.851074,-54.702396,-81.853600,642.339661
433578,-118.018562,-92.442223,639.888916,-54.513969,-81.697243,643.385071
463786,-117.656418,-92.188583,640.545227,-54.015846,-81.529915,643.777100
493994,-117.235237,-91.975365,641.540222,-53.623810,-81.284027,644.974792
524184,-117.200142,-91.970039,641.794189,-53.591286,-81.252197,645.165222
554392,-117.227798,-91.923386,642.219482,-53.582733,-81.186829,645.549255
584600,-117.204582,-91.936180,642.221313,-53.567101,-81.173920,645.541260
614808,-117.182663,-91.968346,642.116882,-53.564148,-81.198578,645.418274
645034,-116.933685,-92.039429,641.790588,-53.353619,-81.295570,644.934265
675242,-116.748871,-92.203445,641.014893,-53.291840,-81.445618,644.364868
705450,-116.831131,-92.175079,641.648743,-53.320866,-81.419716,644.948975
735658,-116.900421,-92.223259,642.038269,-53.348907,-81.452209,645.341431
765866,-116.968246,-92.281616,642.353455,-53.384003,-81.492004,645.632935
796074,-117.042145,-92.350868,642.688416,-53.424820,-81.554108,645.984680
826282,-117.140984,-92.399384,643.144104,-53.476589,-81.585838,646.433777
856490,-117.397995,-92.544624,643.781128,-53.724072,-81.705627,647.173950
886698,-117.691940,-92.789589,644.074158,-54.020840,-81.892075,647.328613
916906,-117.973068,-92.670059,643.994934,-54.292847,-81.782677,647.315918
947114,-118.338127,-92.579697,643.828796,-54.642483,-81.650742,647.176270
977322,-118.773949,-92.549408,643.573547,-55.099571,-81.519341,646.940002
1007549,-119.330109,-92.528419,643.621765,-55.665894,-81.388771,647.037964
1037757,-119.921661,-92.536133,643.763489,-56.217480,-81.267921,647.138794
1067965,-120.547760,-92.569511,644.165588,-56.805473,-81.139603,647.617798
1098191,-121.129372,-92.650978,644.550476,-57.309227,-81.116707,647.888306
1128399,-121.654022,-92.794998,644.829895,-57.773945,-81.163567,648.222229
1158607,-122.201279,-93.224953,644.822021,-58.338078,-81.461052,648.218811
1188815,-122.723503,-93.375061,645.526306,-58.706997,-81.545708,648.835999
1219041,-123.099266,-93.558548,645.679565,-59.029213,-81.655151,649.058167
1249231,-123.398857,-93.779984,645.558777,-59.300671,-81.854324,648.846191
1279439,-123.622543,-94.087044,645.027466,-59.532280,-82.105080,648.352600
1309665,-123.891014,-94.307220,645.034607,-59.813168,-82.260704,648.369751
1339873,-124.087860,-94.496437,644.929810,-60.024284,-82.409660,648.199463
1370081,-124.174477,-94.753059,644.308105,-60.186672,-82.614861,647.559326
1400289,-124.232391,-95.015617,643.796509,-60.314487,-82.779434,647.008423
1430516,-124.306389,-95.278297,643.562988,-60.396187,-82.969826,646.779236
1460724,-124.268143,-95.469864,643.377075,-60.380314,-83.141594,646.498352
1490932,-124.110970,-95.657768,642.977112,-60.295963,-83.297714,646.097168
1521121,-123.923538,-95.803177,642.472656,-60.166264,-83.437233,645.536316
1551348,-123.815865,-95.898537,642.244141,-60.077091,-83.487350,645.348450
1581556,-123.810257,-95.943314,642.354614,-60.086582,-83.462746,645.424500
1611764,-123.903061,-95.940575,642.488892,-60.228867,-83.341408,645.557739
1641990,-124.224510,-95.972778,642.680847,-60.585827,-83.151520,645.709229
1672198,-125.243355,-96.389290,641.070374,-61.938660,-83.087128,644.038757
1702425,-126.294754,-96.565880,641.176086,-63.285107,-82.851913,644.067627
1732651,-127.220909,-96.824051,640.762329,-64.472870,-82.680641,643.750427
1762877,-128.125885,-97.116341,640.087097,-65.697136,-82.578453,643.113220
1793104,-128.922653,-97.415787,639.678040,-66.849258,-82.523438,642.697815
1823358,-129.725006,-97.415787,640.820862,-67.699722,-82.371712,643.376526
1853566,-130.295502,-97.554710,641.343323,-68.381386,-82.323738,643.566895
1883792,-130.565460,-97.598381,641.725037,-68.705360,-82.259163,643.718079
1914019,-130.601852,-97.593620,642.031067,-68.762665,-82.187279,643.886414
1944227,-130.517715,-97.611488,642.041382,-68.766960,-82.116753,643.830383
1974435,-130.513123,-97.552795,642.259277,-68.798439,-82.018639,643.980713
2004643,-130.554596,-97.523804,642.654602,-68.840431,-81.962799,644.317139
2034851,-130.505569,-97.538567,643.011047,-68.809502,-81.922234,644.572144
2065077,-130.409607,-97.498314,643.417786,-68.728615,-81.817032,644.964417
2095285,-130.321991,-97.433220,643.978882,-68.595741,-81.723465,645.460449
2125493,-130.179886,-97.246971,644.577576,-68.388260,-81.544403,646.003845
2155683,-129.902817,-97.052155,644.950012,-68.006485,-81.433098,646.331665
2185909,-128.862289,-96.635513,645.351624,-66.793678,-81.239624,646.440674
2216099,-127.376839,-96.504944,643.630371,-65.469978,-81.326729,644.959229
2246307,-126.533417,-96.395218,642.472351,-64.586716,-81.461159,643.822327
2276496,-125.940132,-96.055931,642.796265,-63.784634,-81.351189,644.218201
2306686,-125.329903,-95.713600,643.263000,-62.977684,-81.242737,644.773865
2336894,-124.648056,-95.353477,643.460144,-62.093914,-81.146255,645.001648
2367056,-123.877808,-95.042221,643.417542,-61.174763,-81.143478,645.063477
2397245,-123.091606,-94.654007,643.643982,-60.189705,-81.099724,645.410339
2427435,-122.265251,-94.310074,644.070679,-59.155163,-81.147751,645.981018
2457625,-120.781693,-94.083672,643.914734,-57.500134,-81.445053,645.716736
2487814,-118.960564,-93.818451,643.758972,-55.521580,-81.716644,645.857849
2517985,-117.340492,-93.502464,642.876953,-53.739407,-82.135620,645.105713
2548175,-115.690506,-93.044693,642.665039,-51.887085,-82.401070,645.106812
2578346,-114.023788,-92.705528,642.153503,-50.101246,-82.741577,644.818665
2608517,-112.486290,-92.333817,641.827698,-48.503807,-83.003685,644.745544
2638707,-111.091843,-92.057968,641.366394,-47.067574,-83.309387,644.510437
2668878,-109.862213,-91.864418,641.065796,-45.869068,-83.594307,644.427490
2699068,-108.784782,-91.759293,640.607605,-44.836460,-83.855469,644.148010
2729257,-107.841873,-91.681618,640.031372,-43.971031,-84.095787,643.778625
2759447,-106.837067,-91.592819,639.559387,-43.014565,-84.360619,643.469971
2789637,-105.475021,-90.963631,642.213196,-41.394299,-84.285698,646.229492
2819826,-103.682159,-90.762428,642.023621,-39.694088,-84.599113,646.193054
2849997,-102.238647,-90.426849,642.047363,-38.317825,-84.857613,646.311157
2880187,-100.957268,-90.127419,642.005859,-37.100357,-85.087990,646.516052
2910377,-99.872604,-89.797127,642.495056,-36.044174,-85.258034,647.188782
2940520,-98.931938,-89.529305,642.916016,-35.166458,-85.410278,647.782043
2970710,-98.209915,-89.339691,643.148010,-34.516174,-85.574181,648.182373
3000899,-97.654579,-89.238831,643.105347,-34.082973,-85.699409,648.284302
3031107,-97.311546,-89.201454,643.216370,-33.829468,-85.808350,648.554626
3061315,-97.179405,-89.140129,643.691711,-33.723297,-85.845573,649.141724
3091505,-97.175598,-89.172859,644.113159,-33.679531,-85.948418,649.627991
3121713,-97.103371,-89.286987,644.163208,-33.664413,-86.075241,649.731079
3151921,-97.085472,-89.393013,644.434509,-33.693035,-86.173370,650.064941
3182111,-97.231667,-89.548965,644.893860,-33.822216,-86.281448,650.531738
3212337,-97.349739,-89.687614,645.020630,-33.992996,-86.338799,650.636719
3242545,-97.529381,-89.850121,644.996521,-34.187748,-86.411400,650.608948
3272753,-97.742416,-89.994797,644.998291,-34.430691,-86.467560,650.584839
3302961,-97.939964,-90.076599,644.989990,-34.647125,-86.444443,650.557068
3333169,-98.120819,-90.145897,645.035400,-34.856277,-86.411598,650.560852
3363395,-98.281433,-90.173439,645.093262,-35.001408,-86.362648,650.582214
3393622,-98.400658,-90.164604,645.196228,-35.139786,-86.290192,650.658875
3423830,-98.574020,-90.162148,645.410034,-35.283970,-86.191467,650.843994
3454038,-98.771645,-90.160011,645.519592,-35.439922,-86.071198,650.904724
3484246,-99.077103,-90.164726,645.577271,-35.695755,-85.928268,650.934448
3514454,-99.568214,-90.144592,645.557251,-36.100384,-85.713036,650.898621
3544680,-101.216362,-90.173889,645.002808,-37.659821,-85.268013,650.416443
3574888,-102.635117,-90.050774,644.580261,-39.160717,-84.854424,649.963135
3605161,-103.300201,-89.858421,644.452515,-39.874210,-84.568436,649.755920
3635369,-104.238708,-89.567230,644.607239,-40.543594,-84.070412,649.786987
3665577,-104.870567,-89.439781,644.595581,-41.235416,-83.586136,649.813721
3695803,-105.640053,-89.300011,644.601501,-41.929203,-83.141014,649.740112
3726029,-106.634781,-89.008324,645.131653,-42.682720,-82.589417,649.972839
3756256,-107.316681,-88.842941,645.272095,-43.468674,-81.991859,650.214355
3786482,-108.325821,-88.524094,645.735413,-44.259636,-81.400543,650.467834
3816690,-108.809433,-88.349442,645.868958,-44.834949,-80.968361,650.585571
3846917,-109.347252,-88.054001,646.352417,-45.303490,-80.553398,651.076843
3877125,-109.866318,-87.931381,645.948364,-45.905960,-80.382179,650.572144
3907351,-110.203339,-87.545746,646.992065,-46.112091,-79.983040,651.446228
3937541,-110.291679,-87.360519,646.484436,-46.205105,-79.713966,651.021423
3967749,-110.593033,-87.129875,646.684082,-46.486210,-79.331535,651.246033
3997975,-111.027252,-86.840218,646.980591,-46.867477,-78.855797,651.473328
4028133,-111.502327,-86.561569,647.431396,-47.288502,-78.380104,651.872620
4058405,-111.868912,-86.238708,647.449524,-47.649002,-77.909836,651.742065
4088562,-112.048416,-85.948074,646.988037,-47.859985,-77.507332,651.191284
4118816,-112.120773,-85.616104,646.906494,-47.895382,-77.154167,651.106018
4148974,-111.803345,-85.072838,647.515869,-47.445934,-76.784164,651.563538
4179228,-110.459641,-84.289368,649.472900,-45.842789,-76.308044,653.309814
4209449,-108.409973,-83.950432,648.516418,-43.947720,-76.298134,652.549988
4239639,-106.983635,-83.436714,648.647644,-42.638241,-76.244873,652.567566
4269829,-105.799500,-82.958878,648.492737,-41.365543,-76.164009,652.506958
4300000,-104.609604,-82.560692,647.942627,-40.268887,-76.146820,651.754883
4330189,-103.612816,-82.200020,647.553711,-39.438065,-76.033798,651.675354
4360397,-102.774513,-81.817886,647.559448,-38.709435,-75.809990,651.755127
4390537,-102.008636,-81.461082,647.452271,-38.072090,-75.719360,651.786682
4420772,-101.433144,-81.164108,647.334778,-37.513210,-75.495193,651.637390
4450999,-101.017403,-80.880547,647.173035,-1,-1,-1
4481137,-100.712677,-80.769531,646.555359,-36.957394,-75.283020,650.944458
4511391,-100.545181,-80.756531,646.550049,-36.806393,-75.331535,651.118469
4541503,-100.390190,-80.858833,646.678101,-36.646866,-75.505661,651.315674
4571757,-100.447861,-80.952522,647.348694,-36.633114,-75.650269,652.102051
4601979,-100.514687,-81.031525,648.065552,-36.618038,-75.769127,652.844604
4632187,-100.612999,-81.168694,648.724731,-36.636906,-75.910545,653.537659
4662395,-100.723305,-81.302513,649.281616,-36.721615,-76.111244,654.126343
4692603,-100.822517,-81.492165,649.635864,-36.766415,-76.262115,654.498413
4722811,-100.937935,-81.666290,650.046814,-36.783775,-76.379799,654.773865
4753065,-101.019913,-81.832588,650.477478,-36.838024,-76.576294,655.227417
4783227,-101.074287,-81.942345,650.937866,-36.902496,-76.782478,655.878845
4813435,-101.131241,-82.025352,651.501282,-36.913475,-76.921028,656.465332
4843643,-101.192360,-82.130714,651.809265,-36.942448,-77.086639,656.787781
4873832,-101.289291,-82.173065,652.086670,-37.018162,-77.151588,657.118164
4904059,-101.448402,-82.225632,652.356873,-37.149036,-77.173851,657.405151
4934267,-101.628731,-82.306480,652.544678,-37.322567,-77.226776,657.603027
4964475,-101.827644,-82.327599,652.794922,-37.505657,-77.230171,657.891907
4994683,-102.068062,-82.342697,653.131287,-37.673286,-77.182053,658.225525
5024891,-102.267227,-82.407761,653.205688,-37.856682,-77.225563,658.288147
5055080,-102.446716,-82.477600,653.178467,-38.018547,-77.278969,658.272400
5085307,-102.607300,-82.514557,653.220337,-38.168747,-77.338058,658.325745
5115515,-102.740234,-82.577583,653.318176,-38.285969,-77.365799,658.438782
5145723,-102.808838,-82.630508,653.367310,-38.334721,-77.412216,658.491943
5175931,-102.849045,-82.681145,653.471497,-38.366703,-77.503899,658.607910
5206139,-102.848160,-82.700684,653.627258,-38.367119,-77.560440,658.777161
5236328,-102.754356,-82.718788,653.753113,-38.308491,-77.644035,658.913635
5266536,-102.621918,-82.769325,653.984863,-38.171261,-77.762642,659.164124
5296763,-102.394531,-82.863808,654.225342,-37.961388,-77.968880,659.412231
5326952,-102.108414,-82.939972,654.514709,-37.658062,-78.163849,659.720886
5357160,-101.758423,-83.091202,654.838501,-37.299042,-78.436172,660.063843
5387368,-101.391304,-83.275253,655.104370,-36.906242,-78.794464,660.365906
5417558,-101.158440,-83.487823,655.244385,-36.475761,-79.167442,660.535217
5447766,-100.882332,-83.519623,655.137878,-1,-1,-1
5477909,-1,-1,-1,-1,-1,-1
5508030,-1,-1,-1,-1,-1,-1
5538086,-99.443245,-82.999870,654.739868,-34.988300,-79.843460,659.756287
5568018,-98.739113,-82.699394,654.500183,-34.667496,-79.865448,660.028870
5598382,-97.970604,-82.391998,654.403259,-34.060093,-79.847496,660.162048
5628710,-97.300133,-82.124474,654.410706,-33.485359,-79.816925,660.282532
5659019,-96.703316,-81.868385,654.492859,-32.967464,-79.740433,660.435608
5689301,-96.230347,-81.625732,654.510742,-32.544968,-79.635941,660.517639
5719527,-95.862831,-81.428268,654.556274,-32.243004,-79.524162,660.619812
5749735,-95.569756,-81.204201,654.651123,-32.018078,-79.336586,660.730225
5779943,-95.314346,-81.085602,654.717957,-31.790071,-79.246429,660.813599
5810151,-95.133957,-80.970032,654.781555,-31.583817,-79.164764,660.889221
5840359,-95.005234,-80.928703,654.706848,-31.440187,-79.128471,660.828308
5870567,-95.015778,-80.889557,655.125183,-31.370485,-79.066109,661.268250
5900775,-95.073662,-80.920570,655.421021,-31.356201,-79.051201,661.556274
5930983,-95.325676,-81.109306,655.594299,-31.496620,-79.152931,661.732300
5961191,-96.338615,-82.007942,654.729614,-32.569393,-79.899780,660.891541
5991418,-96.937637,-82.628242,654.415833,-33.131687,-80.338722,660.548828
6021626,-97.571480,-82.911217,654.777527,-33.532829,-80.435982,660.951477
6051852,-98.252876,-83.261627,654.791809,-34.047264,-80.532112,660.966431
6082060,-99.060745,-83.770515,654.600647,-34.688969,-80.777596,660.714417
6112287,-99.666977,-84.127190,654.385864,-35.219852,-80.993752,660.486328
6142513,-100.508530,-84.627464,653.924683,-35.963692,-81.278580,660.019470
6172703,-101.155991,-85.012001,653.350952,-36.600445,-81.471489,659.418457
6202929,-101.634186,-85.199585,653.005188,-37.129456,-81.504868,658.987732
6233155,-102.192513,-85.321259,652.737427,-37.844219,-81.386513,658.653442
6263363,-102.581612,-85.274643,652.465210,-38.229324,-81.127007,658.249329
6293590,-102.734863,-85.128082,651.881836,-38.586918,-80.808495,657.559021
6323798,-102.678467,-84.902382,651.761475,-1,-1,-1
6353794,-102.319473,-84.718170,651.852478,-1,-1,-1
6383864,-101.768578,-84.570793,651.975708,-1,-1,-1
6413971,-101.235802,-84.435059,651.999939,-1,-1,-1
6444078,-100.860634,-84.445755,652.321777,-1,-1,-1
6474134,-1,-1,-1,-1,-1,-1
6504190,-1,-1,-1,-1,-1,-1
6534247,-1,-1,-1,-1,-1,-1
6564302,-1,-1,-1,-1,-1,-1
6594359,-1,-1,-1,-1,-1,-1
6624415,-1,-1,-1,-1,-1,-1
6654471,-96.100128,-85.827957,653.645264,-33.639423,-80.659897,658.433228
6685047,-96.276024,-86.040512,654.255493,-33.730782,-80.765915,659.463562
6715393,-97.143799,-85.954727,657.977966,-34.142635,-80.661781,662.768677
6745739,-97.861282,-85.822876,660.585693,-34.499882,-80.570435,665.018433
6776085,-98.977409,-86.072227,660.611755,-35.174431,-80.744331,664.697632
6806431,-100.268860,-86.497353,660.634399,-36.364960,-81.028381,665.093323
6836777,-101.661476,-86.633499,660.696167,-37.569336,-80.916069,665.325562
6867141,-102.975517,-86.765099,660.484375,-38.681389,-80.709000,665.186646
6897492,-104.060944,-87.086319,660.125854,-39.680824,-80.828575,664.868164
6927792,-105.007362,-87.259415,659.776672,-40.414520,-80.850334,664.640503
6958092,-106.083908,-87.522247,659.731812,-41.293087,-81.030449,664.481323
6988392,-107.282562,-87.842972,659.419556,-42.305176,-81.229065,664.254395
7018711,-108.754860,-88.248909,659.162964,-43.625099,-81.404533,664.129822
7048928,-110.475319,-88.860985,658.219116,-45.004280,-81.763618,663.278198
7079154,-112.300110,-89.394547,657.965210,-46.897739,-81.964676,663.229065
7109381,-113.965233,-90.053116,656.893127,-48.552864,-82.276749,662.341187
7139589,-115.335480,-90.708069,655.712402,-49.981041,-82.648544,661.291016
7169815,-116.385078,-91.329239,654.626831,-51.063412,-83.136894,660.268799
7200023,-117.173500,-91.736397,653.988281,-51.859577,-83.501511,659.640381
7230231,-117.744019,-92.082848,653.315369,-52.374199,-83.834824,658.847290
7260457,-118.234955,-92.436638,652.858826,-52.920704,-84.220291,658.366577
7290647,-118.409782,-92.617958,652.214233,-53.233986,-84.557610,657.299133
7320873,-118.436745,-92.943993,650.923401,-53.383602,-84.920341,655.943176
7351063,-118.346199,-93.256660,649.661438,-53.397675,-85.263298,654.676636
7381289,-118.319992,-93.472458,649.177979,-53.446945,-85.491714,654.308472
7411479,-118.144379,-93.764130,648.321167,-53.336113,-85.841263,653.285645
7441705,-117.894829,-93.947540,647.628601,-53.178131,-85.991722,652.726807
7471913,-117.727264,-94.133606,647.114014,-53.053268,-86.177147,652.184509
7502103,-117.570305,-94.393585,646.733765,-52.915928,-86.409180,651.790344
7532329,-117.443390,-94.636780,646.625916,-52.789864,-86.662308,651.689087
7562537,-117.375946,-94.903481,646.382446,-52.731117,-86.921829,651.445740
7592745,-117.398338,-95.066910,646.181396,-52.768620,-87.016464,651.235962
7622953,-117.424797,-95.209023,645.888306,-52.793751,-87.133545,650.885437
7653161,-117.393799,-95.335022,645.519714,-52.794868,-87.270462,650.501770
7683351,-117.394699,-95.485580,645.327271,-52.827538,-87.405045,650.340881
7713577,-117.618217,-95.731911,644.832397,-53.109722,-87.582962,649.943115
7743785,-117.912231,-95.642258,646.034912,-53.315369,-87.462715,651.015137
7774012,-117.922775,-95.781296,645.447266,-53.361790,-87.556572,650.408020
7804220,-117.912720,-95.862457,645.078491,-53.394241,-87.616066,650.029114
7834428,-117.925484,-95.933311,644.889526,-53.440556,-87.650948,649.852783
7864636,-117.921150,-95.989624,644.739929,-53.442810,-87.712379,649.658936
7894844,-117.779282,-96.102051,644.379700,-53.305088,-87.854630,649.252502
7925033,-117.470398,-96.162758,643.905701,-53.037601,-88.002190,648.757019
7955241,-117.057495,-96.173569,643.311890,-52.656876,-88.138702,648.173279
7985449,-116.455307,-96.127693,642.879150,-52.062260,-88.251732,647.683411
8015657,-116.054688,-96.027779,643.109985,-51.651665,-88.233551,648.245178
8045847,-115.846237,-95.936859,643.699036,-51.355743,-88.292938,648.708740
8076055,-115.603394,-95.980362,643.675537,-51.099834,-88.421013,648.686890
8106245,-115.406563,-96.099075,643.203796,-50.916092,-88.570518,648.232971
8136471,-115.387840,-96.150566,643.165100,-50.904629,-88.595535,648.322083
8166679,-115.582161,-96.209259,643.549194,-51.087444,-88.595024,648.748657
8196887,-115.619431,-96.472679,642.858154,-51.190353,-88.802444,647.838501
8227113,-115.541496,-96.684517,642.378113,-51.144562,-88.990906,647.394836
8257303,-115.315033,-97.005791,641.810974,-50.908039,-89.346352,646.755310
8287511,-114.871849,-97.595100,641.224792,-50.472420,-90.016991,646.123657
8317719,-114.207657,-98.544296,640.680847,-49.778069,-91.061211,645.535400
8347927,-113.421242,-99.505890,640.373474,-48.895782,-92.182632,645.245789
8378135,-112.537292,-100.254738,640.180664,-47.925640,-93.127060,645.054199
8408325,-111.531433,-100.778488,639.826660,-46.847111,-93.921402,644.680176
8438514,-110.384453,-101.202278,639.655762,-45.610214,-94.681900,644.518250
8468722,-109.064514,-101.541496,639.272888,-44.267338,-95.388878,644.177063
8498912,-107.706558,-101.739403,638.622314,-42.930534,-95.899567,643.571106
8529101,-106.387001,-101.766487,637.788025,-41.655964,-96.223885,642.792053
8559291,-104.920654,-101.873482,636.970459,-40.144749,-96.618500,642.003052
8589379,-103.534790,-102.016129,637.651367,-38.721619,-97.092781,642.934326
8619633,-102.385376,-102.429970,637.316223,-37.637856,-97.771523,642.501648
8649851,-101.417320,-103.091034,636.786560,-36.871754,-98.622932,642.027466
8680040,-100.468155,-103.983475,636.270630,-36.142822,-99.605309,641.483582
8710248,-99.673050,-104.457420,635.594116,-35.321236,-100.200111,640.757141
8740456,-98.993111,-104.765656,633.824768,-34.675976,-100.638245,638.968628
8770664,-98.484474,-104.928566,632.673096,-34.185425,-100.926048,637.917786
8800872,-98.114349,-104.988304,632.189453,-33.835747,-101.053253,637.531555
8831080,-97.815636,-105.020157,631.596619,-33.555538,-101.137352,636.916199
8861288,-97.474792,-104.938629,630.732117,-33.293987,-101.080811,636.060486
8891478,-97.393898,-104.198578,629.872437,-33.289787,-100.371521,635.243774
8921686,-97.252357,-102.905777,629.042297,-33.392685,-99.202866,634.445618
8951894,-97.147957,-102.572113,628.974182,-33.272392,-98.913567,634.375122
8982083,-97.040184,-102.250153,628.559937,-33.149925,-98.641403,634.046570
9012291,-96.992287,-101.910591,628.788635,-33.075478,-98.335014,634.348389
9042499,-96.957512,-101.642838,628.949768,-33.016205,-98.110817,634.530334
9072707,-96.893272,-101.474213,629.141663,-32.928837,-97.953972,634.735840
9102915,-96.817398,-101.389549,629.287231,-32.842617,-97.909187,634.899353
9133123,-96.710136,-101.410881,629.455750,-32.725025,-97.938782,635.061035
9163331,-96.580353,-101.494255,629.408447,-32.569702,-98.053093,635.017395
9193539,-96.449806,-101.525009,629.668701,-32.416897,-98.111427,635.296936
9223747,-96.350258,-101.503563,630.019897,-32.292610,-98.119057,635.664307
9253955,-96.283531,-101.478752,630.053772,-32.196507,-98.084824,635.691345
9284145,-96.235680,-101.359314,630.117004,-32.151749,-97.982613,635.765442
9314353,-96.199142,-101.078453,630.166748,-32.148464,-97.737099,635.807068
9344579,-96.115074,-100.529037,630.351929,-32.176590,-97.204399,635.993225
9374787,-96.132622,-100.188095,630.228149,-32.205765,-96.864700,635.903748
9404995,-96.228363,-99.771767,630.410583,-32.312260,-96.442612,636.108704
9435203,-96.325455,-99.418396,630.453247,-32.402534,-96.078506,636.107300
9465411,-96.439522,-99.182671,630.441895,-32.549698,-95.785393,636.154602
9495601,-96.580887,-98.998360,630.739075,-32.660038,-95.590286,636.388733
9525827,-96.754013,-99.043991,630.909302,-32.816284,-95.589020,636.635986
9556035,-96.845039,-99.645271,631.183167,-32.997524,-96.098282,636.795837
9586243,-96.863724,-100.487740,631.208008,-33.127037,-96.830437,636.803345
9616470,-96.762398,-101.241150,630.883423,-33.140579,-97.545799,636.389282
9646678,-96.710915,-101.657784,629.796204,-33.088478,-97.927696,635.306213
9676886,-96.804108,-101.886696,629.508606,-33.105495,-98.145943,635.009155
9707075,-96.964409,-102.035835,629.490356,-33.178127,-98.275230,634.995850
9737302,-97.111038,-102.157509,629.410400,-33.290108,-98.351570,634.894470
9767510,-97.252480,-102.282997,629.229370,-33.409969,-98.412224,634.705139
9797718,-97.330246,-102.391724,628.755615,-33.504112,-98.462410,634.190308
9827944,-97.392715,-102.472275,628.318237,-33.595577,-98.492920,633.755249
9858152,-97.461334,-102.507133,628.317932,-33.652237,-98.498985,633.710876
9888360,-97.555199,-102.566017,628.221497,-33.714920,-98.515511,633.627869
9918568,-97.963768,-102.655884,627.797241,-34.186810,-98.514404,633.280762
9948776,-98.282967,-102.527153,628.870850,-34.359264,-98.348228,634.182068
9978984,-98.188576,-102.641914,628.061218,-34.317383,-98.439728,633.383301
10009192,-98.119324,-102.698715,627.679443,-34.274364,-98.482460,633.018982
10039400,-98.055847,-102.719658,627.379211,-34.220528,-98.491585,632.694092
10069608,-97.943367,-102.758911,627.278564,-34.142231,-98.466141,632.558960
10099816,-97.836563,-102.788620,626.990906,-34.113350,-98.376114,632.263977
10130043,-97.767525,-102.657990,628.122742,-33.933815,-98.119995,633.353760
10160251,-97.580818,-102.542305,628.607239,-33.722702,-97.918633,633.771240
10190505,-97.356384,-102.298882,629.366943,-33.486305,-97.702911,634.462402
10220667,-96.769341,-101.606964,629.793335,-32.889896,-97.210007,634.664551
10250856,-95.350151,-99.706001,629.731140,-31.986294,-95.703247,634.583191
10281064,-94.779579,-98.898697,629.986877,-31.510067,-94.914581,634.879883
10311254,-94.400162,-98.402245,630.521118,-31.109913,-94.507812,635.440125
10341462,-94.227142,-97.841156,631.700806,-30.845592,-94.005722,636.719360
10371670,-94.156799,-97.430275,632.865112,-30.698549,-93.662796,637.867920
10401878,-94.093559,-97.012558,633.586304,-30.612440,-93.280914,638.612427
10432086,-94.146881,-96.758286,634.619202,-30.580988,-93.065063,639.752747
10462275,-94.242310,-96.396797,635.662048,-30.596853,-92.728615,640.747253
10492483,-94.261047,-96.229523,636.298157,-30.556053,-92.583977,641.400391
10522710,-94.341255,-96.125740,636.878052,-30.560005,-92.468788,641.998474
10552918,-94.432266,-95.972595,637.512207,-30.571188,-92.284599,642.651123
10583107,-95.070335,-96.253487,637.750732,-31.345581,-92.299118,643.936157
10613334,-95.581352,-96.032585,639.781189,-31.471743,-92.132912,644.874878
10643542,-95.815208,-96.092171,639.837952,-31.653593,-92.127846,645.083923
10673750,-96.326569,-96.131340,640.595886,-32.039143,-92.043922,645.851624
10703958,-96.953796,-96.251038,641.227661,-32.551548,-91.975410,646.466370
10734184,-97.933830,-96.551262,641.354736,-33.388054,-91.881302,646.525757
10764392,-98.940163,-96.887154,641.334717,-34.378681,-91.795212,646.478882
10794665,-100.244728,-97.281334,640.898499,-35.624115,-91.636108,646.060852
10824891,-102.339447,-97.893272,640.376221,-37.886276,-91.322006,645.458740
10855136,-106.021782,-99.044029,639.905273,-41.835758,-90.897926,645.156616
10885399,-1,-1,-1,-1,-1,-1
10915598,-1,-1,-1,-1,-1,-1
10945990,-1,-1,-1,-1,-1,-1
10976244,-1,-1,-1,-1,-1,-1
11006544,-1,-1,-1,-1,-1,-1
11036835,-1,-1,-1,-1,-1,-1
11067079,-1,-1,-1,-1,-1,-1
11097343,-1,-1,-1,-1,-1,-1
11127569,-1,-1,-1,-1,-1,-1
11157814,-1,-1,-1,-1,-1,-1
11188040,-1,-1,-1,-1,-1,-1
11218267,-1,-1,-1,-1,-1,-1
11248475,-1,-1,-1,-1,-1,-1
11278719,-1,-1,-1,-1,-1,-1
11308826,-1,-1,-1,-1,-1,-1
11338951,-1,-1,-1,-1,-1,-1
11369251,-1,-1,-1,-1,-1,-1
11399551,-1,-1,-1,-1,-1,-1
11429677,-1,-1,-1,-1,-1,-1
11459802,-1,-1,-1,-1,-1,-1
11489909,-1,-1,-1,-1,-1,-1
11520015,-1,-1,-1,-1,-1,-1
11550141,-1,-1,-1,-88.767250,-95.259659,633.522827
11580229,-142.975342,-116.195236,628.261780,-86.816200,-95.802689,634.796875
11610299,-141.426987,-116.164642,630.815796,-82.561249,-97.080696,633.548706
11640369,-139.172760,-115.773369,631.799133,-79.239433,-97.200806,635.559143
11670439,-137.240005,-115.162636,633.190247,-76.575470,-97.108665,638.166809
11700509,-135.664948,-114.583115,634.231445,-74.586922,-97.264374,637.603149
11730597,-134.219589,-114.099457,635.070374,-72.252754,-97.475021,637.038391
11760667,-132.697281,-113.698692,635.067566,-70.258392,-97.563866,636.743103
11790756,-130.928238,-113.394897,633.616516,-68.360977,-97.733307,635.126892
11821037,-129.402802,-113.077881,632.827148,-66.646568,-97.832123,634.284058
11851190,-128.041473,-112.797714,632.036499,-65.126129,-97.873901,633.529907
11881279,-126.946655,-112.485878,630.731445,-64.062103,-97.829384,632.444763
11911395,-126.194748,-112.100861,631.446533,-63.151974,-97.688507,632.999939
11941501,-125.224419,-111.885391,630.500732,-62.188324,-97.725677,632.161865
11971599,-124.583031,-111.762268,629.921265,-61.648026,-97.601974,631.654297
12001789,-125.115135,-111.241158,627.997742,-63.608501,-96.217178,631.469543
12032006,-1,-1,-1,-1,-1,-1
12062297,-1,-1,-1,-1,-1,-1
12092486,-1,-1,-1,-1,-1,-1
12122740,-1,-1,-1,-1,-1,-1
12152994,-1,-1,-1,-1,-1,-1
12183230,-1,-1,-1,-1,-1,-1
12213548,-1,-1,-1,-1,-1,-1
12243839,-1,-1,-1,-1,-1,-1
12274130,-1,-1,-1,-1,-1,-1
12304356,-1,-1,-1,-1,-1,-1
12334647,-1,-1,-1,-1,-1,-1
12364864,-1,-1,-1,-80.488220,-91.035591,628.274780
12395072,-1,-1,-1,-80.821274,-91.074547,628.244629
12425289,-1,-1,-1,-81.648514,-90.673851,631.426697
12455525,-1,-1,-1,-82.441933,-90.371674,633.728210
12485816,-1,-1,-1,-83.436577,-89.990631,636.435059
12515923,-1,-1,-1,-1,-1,-1
12546029,-1,-1,-1,-1,-1,-1
12576173,-1,-1,-1,-1,-1,-1
12606399,-1,-1,-1,-1,-1,-1
12636626,-1,-1,-1,-1,-1,-1
12666815,-1,-1,-1,-1,-1,-1
12697042,-1,-1,-1,-1,-1,-1
12727250,-1,-1,-1,-1,-1,-1
12757458,-1,-1,-1,-1,-1,-1
12787684,-1,-1,-1,-90.703354,-91.257500,635.672546
12817874,-1,-1,-1,-91.461845,-91.423492,635.591797
12848100,-1,-1,-1,-92.204201,-91.595337,635.513367
12878308,-1,-1,-1,-1,-1,-1
12908535,-1,-1,-1,-1,-1,-1
12938761,-1,-1,-1,-1,-1,-1
12968969,-1,-1,-1,-1,-1,-1
