40893,0.299847,0.352069
71101,0.288418,0.343708
101290,0.261885,0.319746
131517,0.233697,0.293864
161725,0.212334,0.274370
191933,0.197845,0.260930
222159,0.188078,0.253025
252367,0.182144,0.248413
282575,0.178403,0.244982
312765,0.175655,0.242190
342973,0.173512,0.239193
373181,0.171675,0.236763
403389,0.170243,0.235238
433578,0.169253,0.233519
463786,0.176145,0.227007
493994,0.200519,0.212450
524184,0.229416,0.194620
554392,0.254744,0.178612
584600,0.273167,0.166709
614808,0.285752,0.158444
645034,0.303273,0.151527
675242,0.317188,0.147550
705450,0.326661,0.145214
735658,0.332760,0.142880
765866,0.336905,0.140824
796074,0.339670,0.139089
826282,0.341517,0.137649
856490,0.341610,0.143566
886698,0.339736,0.168517
916906,0.337041,0.206800
947114,0.334939,0.244546
977322,0.333226,0.270572
1007549,0.332173,0.287419
1037757,0.331620,0.300404
1067965,0.331275,0.308758
1098191,0.331881,0.313416
1128399,0.331764,0.316880
1158607,0.324064,0.329447
1188815,0.316908,0.341668
1219041,0.310884,0.349202
1249231,0.307325,0.354316
1279439,0.304586,0.357405
1309665,0.302897,0.359560
1339873,0.302016,0.361695
1370081,0.301313,0.362772
1400289,0.300649,0.364257
1430516,0.299348,0.366110
1460724,0.297765,0.369167
1490932,0.296409,0.371230
1521121,0.295408,0.373301
1551348,0.294526,0.374986
1581556,0.293660,0.376149
1611764,0.292699,0.377048
1641990,0.291097,0.378420
1672198,0.274617,0.372166
1702425,0.218686,0.351972
1732651,0.145565,0.328292
1762877,0.092722,0.309388
1793104,0.059686,0.299357
1823358,0.042561,0.295580
1853566,0.032135,0.294055
1883792,0.025419,0.292696
1914019,0.020933,0.291443
1944227,0.017697,0.290424
1974435,0.015515,0.290134
2004643,0.013743,0.290271
2034851,0.012119,0.290597
2065077,0.010409,0.290315
2095285,0.008925,0.290291
2125493,0.007478,0.289888
2155683,0.006442,0.289127
2185909,0.017756,0.284222
2216099,0.069471,0.266563
2246307,0.131713,0.246471
2276496,0.177121,0.231073
2306686,0.204603,0.220141
2336894,0.221167,0.215258
2367056,0.230155,0.210109
2397245,0.234978,0.206585
2427435,0.237974,0.203708
2457625,0.257523,0.207169
2487814,0.308880,0.213233
2517985,0.351554,0.219920
2548175,0.378737,0.224774
2578346,0.395275,0.227942
2608517,0.404861,0.229346
2638707,0.411491,0.230013
2668878,0.415461,0.230300
2699068,0.417769,0.231922
2729257,0.419190,0.232700
2759447,0.422495,0.233658
2789637,0.466165,0.229525
2819826,0.558110,0.216807
2849997,0.644408,0.210187
2880187,0.693439,0.205655
2910377,0.719198,0.203045
2940520,0.732828,0.199728
2970710,0.740451,0.197270
3000899,0.744874,0.195965
3031107,0.746359,0.194953
3061315,0.747335,0.193839
3091505,0.748490,0.192717
3121713,0.748766,0.192960
3151921,0.748777,0.192645
3182111,0.749375,0.191663
3212337,0.749625,0.191346
3242545,0.750022,0.190740
3272753,0.750282,0.190685
3302961,0.750446,0.190410
3333169,0.750609,0.190708
3363395,0.750704,0.190632
3393622,0.750681,0.190704
3423830,0.750764,0.190650
3454038,0.750786,0.190506
3484246,0.750871,0.190542
3514454,0.750844,0.190637
3544680,0.740099,0.185796
3574888,0.663211,0.159973
3605161,0.537520,0.122132
3635369,0.454925,0.093803
3665577,0.413884,0.082409
3695803,0.393907,0.076811
3726029,0.384033,0.069106
3756256,0.379270,0.069714
3786482,0.376014,0.067244
3816690,0.374187,0.066119
3846917,0.369678,0.066249
3877125,0.340079,0.066248
3907351,0.311132,0.063950
3937541,0.291224,0.062118
3967749,0.277328,0.060269
3997975,0.268824,0.059448
4028133,0.263019,0.058253
4058405,0.259264,0.057103
4088562,0.257056,0.056486
4118816,0.252959,0.054234
4148974,0.251540,0.049378
4179228,0.275612,0.041359
4209449,0.383827,0.026348
4239639,0.535813,0.015391
4269829,0.633084,0.001020
4300000,0.679294,-0.004778
4330189,0.701733,-0.005433
4360397,0.712543,-0.007393
4390537,0.717757,-0.008084
4420772,0.720727,-0.011851
4450999,0.715280,-0.045510
4481137,0.721124,-0.002183
4511391,0.722800,-0.000024
4541503,0.730839,-0.001824
4571757,0.737802,-0.005922
4601979,0.744139,-0.009001
4632187,0.748125,-0.012442
4662395,0.751707,-0.016136
4692603,0.754842,-0.021180
4722811,0.756172,-0.022062
4753065,0.756623,-0.020100
4783227,0.756996,-0.020379
4813435,0.757732,-0.021879
4843643,0.758190,-0.023148
4873832,0.758711,-0.024070
4904059,0.759344,-0.025302
4934267,0.759646,-0.026597
4964475,0.760419,-0.027581
4994683,0.761183,-0.028654
5024891,0.761673,-0.029299
5055080,0.761732,-0.030118
5085307,0.761872,-0.031057
5115515,0.761991,-0.032074
5145723,0.762238,-0.032309
5175931,0.762127,-0.032515
5206139,0.762252,-0.032604
5236328,0.762391,-0.032884
5266536,0.762350,-0.033013
5296763,0.762256,-0.033251
5326952,0.762322,-0.033694
5357160,0.762331,-0.033891
5387368,0.762625,-0.033836
5417558,0.762128,-0.033758
5447766,0.770693,-0.049612
5477909,-1,-1
5508030,-1,-1
5538086,0.664543,0.001559
5568018,0.627051,0.002987
5598382,0.587854,0.007729
5628710,0.557928,0.011929
5659019,0.537979,0.015216
5689301,0.524885,0.017286
5719527,0.517118,0.017661
5749735,0.511678,0.010506
5779943,0.508548,0.003285
5810151,0.506203,-0.001007
5840359,0.504506,-0.004375
5870567,0.503060,-0.007420
5900775,0.502364,-0.009545
5930983,0.500984,-0.010750
5961191,0.479080,0.017314
5991418,0.394211,0.170743
6021626,0.322132,0.303040
6051852,0.286769,0.368859
6082060,0.270633,0.395175
6112287,0.263382,0.410371
6142513,0.259619,0.414450
6172703,0.257956,0.417221
6202929,0.256973,0.421818
6233155,0.252975,0.428528
6263363,0.249165,0.438186
6293590,0.247281,0.444135
6323798,0.233764,0.465388
6353794,0.233515,0.471003
6383864,0.233545,0.476685
6413971,0.233694,0.481942
6444078,0.235163,0.484125
6474134,-1,-1
6504190,-1,-1
6534247,-1,-1
6564302,-1,-1
6594359,-1,-1
6624415,-1,-1
6654471,0.248230,0.473015
6685047,0.248520,0.475324
6715393,0.248560,0.477053
6745739,0.252812,0.474174
6776085,0.258642,0.466789
6806431,0.267073,0.455360
6836777,0.275669,0.443303
6867141,0.283697,0.431433
6897492,0.289711,0.419755
6927792,0.294581,0.408792
6958092,0.298393,0.401409
6988392,0.300357,0.395306
7018711,0.301088,0.389435
7048928,0.298269,0.386854
7079154,0.294730,0.382866
7109381,0.292279,0.379751
7139589,0.289978,0.377254
7169815,0.287973,0.375353
7200023,0.286203,0.373320
7230231,0.285293,0.373638
7260457,0.284622,0.373755
7290647,0.284340,0.375024
7320873,0.284192,0.375716
7351063,0.284077,0.376547
7381289,0.283912,0.377478
7411479,0.283139,0.378640
7441705,0.282009,0.380347
7471913,0.280945,0.382456
7502103,0.279932,0.384487
7532329,0.278857,0.387049
7562537,0.277709,0.389369
7592745,0.276928,0.391207
7622953,0.276335,0.392480
7653161,0.275869,0.393990
7683351,0.275521,0.395033
7713577,0.269940,0.398347
7743785,0.262607,0.401847
7774012,0.256063,0.405236
7804220,0.250217,0.407755
7834428,0.245487,0.410196
7864636,0.241612,0.412022
7894844,0.238563,0.413326
7925033,0.236386,0.414384
7955241,0.234834,0.415012
7985449,0.237043,0.414485
8015657,0.239860,0.413182
8045847,0.241350,0.412524
8076055,0.244070,0.411384
8106245,0.247788,0.409487
8136471,0.251581,0.406941
8166679,0.253935,0.406013
8196887,0.253242,0.408158
8227113,0.252644,0.409825
8257303,0.252224,0.411203
8287511,0.251953,0.412463
8317719,0.251684,0.413298
8347927,0.251276,0.413915
8378135,0.250974,0.414402
8408325,0.250580,0.414698
8438514,0.250167,0.415083
8468722,0.249744,0.415069
8498912,0.249439,0.415088
8529101,0.249063,0.415204
8559291,0.250586,0.416082
8589379,0.266413,0.434194
8619633,0.303388,0.513420
8649851,0.335551,0.694787
8680040,0.363796,0.980534
8710248,0.403264,1.184225
8740456,0.417472,1.259584
8770664,0.422589,1.283401
8800872,0.423435,1.292975
8831080,0.425513,1.296706
8861288,0.426673,1.297157
8891478,0.414588,1.242544
8921686,0.405512,1.174369
8951894,0.377882,0.949244
8982083,0.360406,0.797773
9012291,0.350100,0.722980
9042499,0.348180,0.692753
9072707,0.346900,0.680423
9102915,0.346326,0.675621
9133123,0.345167,0.671218
9163331,0.345153,0.668207
9193539,0.345004,0.667126
9223747,0.344729,0.665285
9253955,0.344584,0.663438
9284145,0.344132,0.662209
9314353,0.344138,0.660906
9344579,0.346098,0.639738
9374787,0.347738,0.616826
9404995,0.349317,0.598606
9435203,0.350453,0.583697
9465411,0.351314,0.575522
9495601,0.351939,0.570149
9525827,0.351313,0.569500
9556035,0.350304,0.584835
9586243,0.346041,0.692892
9616470,0.348997,0.937085
9646678,0.349795,1.095607
9676886,0.349413,1.163694
9707075,0.349999,1.189969
9737302,0.350659,1.203532
9767510,0.349196,1.209864
9797718,0.348080,1.213337
9827944,0.347932,1.214507
9858152,0.347359,1.214806
9888360,0.347400,1.215296
9918568,0.328475,1.212606
9948776,0.308939,1.206371
9978984,0.293778,1.200038
10009192,0.281783,1.195538
10039400,0.273369,1.191793
10069608,0.266456,1.189657
10099816,0.254844,1.184740
10130043,0.244433,1.179669
10160251,0.236788,1.176325
10190505,0.230720,1.172685
10220667,0.235071,1.153088
10250856,0.267421,0.996453
10281064,0.335970,0.657220
10311254,0.369875,0.489010
10341462,0.382371,0.429424
10371670,0.386593,0.407815
10401878,0.387812,0.400995
10432086,0.388271,0.397816
10462275,0.388279,0.394250
10492483,0.388646,0.390391
10522710,0.388860,0.389814
10552918,0.388859,0.388645
10583107,0.371902,0.398650
10613334,0.353177,0.408615
10643542,0.337480,0.418431
10673750,0.324161,0.425350
10703958,0.312400,0.430596
10734184,0.302025,0.434443
10764392,0.294565,0.437526
10794665,0.289829,0.438382
10824891,0.278558,0.442576
10855136,0.216505,0.458403
10885399,-1,-1
10915598,-1,-1
10945990,-1,-1
10976244,-1,-1
11006544,-1,-1
11036835,-1,-1
11067079,-1,-1
11097343,-1,-1
11127569,-1,-1
11157814,-1,-1
11188040,-1,-1
11218267,-1,-1
11248475,-1,-1
11278719,-1,-1
11308826,-1,-1
11338951,-1,-1
11369251,-1,-1
11399551,-1,-1
11429677,-1,-1
11459802,-1,-1
11489909,-1,-1
11520015,-1,-1
11550141,-0.060789,0.818403
11580229,-0.029267,0.911273
11610299,0.013091,0.986912
11640369,0.107175,1.087463
11670439,0.203595,1.154128
11700509,0.254671,1.194217
11730597,0.276107,1.213969
11760667,0.285452,1.224856
11790756,0.293003,1.231375
11821037,0.297294,1.233284
11851190,0.297833,1.233519
11881279,0.291362,1.223233
11911395,0.285058,1.217431
11941501,0.281572,1.214203
11971599,0.279591,1.212661
12001789,0.253172,1.174845
12032006,-1,-1
12062297,-1,-1
12092486,-1,-1
12122740,-1,-1
12152994,-1,-1
12183230,-1,-1
12213548,-1,-1
12243839,-1,-1
12274130,-1,-1
12304356,-1,-1
12334647,-1,-1
12364864,-0.113944,0.404463
12395072,-0.137737,0.350287
12425289,-0.154825,0.316140
12455525,-0.166909,0.290655
12485816,-0.178416,0.270026
12515923,-1,-1
12546029,-1,-1
12576173,-1,-1
12606399,-1,-1
12636626,-1,-1
12666815,-1,-1
12697042,-1,-1
12727250,-1,-1
12757458,-1,-1
12787684,-0.184163,0.250715
12817874,-0.184041,0.249655
12848100,-0.184698,0.249779
12878308,-1,-1
12908535,-1,-1
12938761,-1,-1
12968969,-1,-1
